*COMPTUB00000000*,
*COMPTUB00000001*,
*COMPTUB00000002*,
*COMPTUB00000003*,
*COMPTUB00000004*,
*COMPTUB00000005*,
*COMPTUB00000006*,
*COMPTUB00000007*,
*COMPTUB00000008*,
*COMPTUB00000009*,
*COMPTUB00000010*,
*COMPTUB00000011*,
*COMPTUB00000012*,
*COMPTUB00000013*,
*COMPTUB00000014*,
*COMPTUB00000015*,
*COMPTUB00000016*,
*COMPTUB00000017*,
*COMPTUB00000018*,
*COMPTUB00000019*,
*COMPTUB00000020*,
*COMPTUB00000021*,
*COMPTUB00000022*,
*COMPTUB00000023*,
*COMPTUB00000024*,
*COMPTUB00000025*,
*COMPTUB00000026*,
*COMPTUB00000027*,
*COMPTUB00000028*,
*COMPTUB00000029*,
*COMPTUB00000030*,
*COMPTUB00000031*,
*COMPTUB00000032*,
*COMPTUB00000033*,
*COMPTUB00000034*,
*COMPTUB00000035*,
*COMPTUB00000036*,
*COMPTUB00000037*,
*COMPTUB00000038*,
*COMPTUB00000039*,
*COMPTUB00000040*,
*COMPTUB00000041*,
*COMPTUB00000042*,
*COMPTUB00000043*,
*COMPTUB00000044*,
*COMPTUB00000045*,
*COMPTUB00000046*,
*COMPTUB00000047*,
*COMPTUB00000048*,
*COMPTUB00000049*,
*COMPTUB00000050*,
*COMPTUB00000051*,
*COMPTUB00000052*,
*COMPTUB00000053*,
*COMPTUB00000054*,
*COMPTUB00000055*,
*COMPTUB00000056*,
*COMPTUB00000057*,
*COMPTUB00000058*,
*COMPTUB00000059*,
*COMPTUB00000060*,
*COMPTUB00000061*,
*COMPTUB00000062*,
*COMPTUB00000063*,
*COMPTUB00000064*,
*COMPTUB00000065*,
*COMPTUB00000066*,
*COMPTUB00000067*,
*COMPTUB00000068*,
*COMPTUB00000069*,
*COMPTUB00000070*,
*COMPTUB00000071*,
*COMPTUB00000072*,
*COMPTUB00000073*,
*COMPTUB00000074*,
*COMPTUB00000075*,
*COMPTUB00000076*,
*COMPTUB00000077*,
*COMPTUB00000078*,
*COMPTUB00000079*,
*COMPTUB00000080*,
*COMPTUB00000081*,
*COMPTUB00000082*,
*COMPTUB00000083*,
*COMPTUB00000084*,
*COMPTUB00000085*,
*COMPTUB00000086*,
*COMPTUB00000087*,
*COMPTUB00000088*,
*COMPTUB00000089*,
*COMPTUB00000090*,
*COMPTUB00000091*,
*COMPTUB00000092*,
*COMPTUB00000093*,
*COMPTUB00000094*,
*COMPTUB00000095*,
*COMPTUB00000096*,
*COMPTUB00000097*,
*COMPTUB00000098*,
*COMPTUB00000099*,
*COMPTUB00000100*,
*COMPTUB00000101*,
*COMPTUB00000102*,
*COMPTUB00000103*,
*COMPTUB00000104*,
*COMPTUB00000105*,
*COMPTUB00000106*,
*COMPTUB00000107*,
*COMPTUB00000108*,
*COMPTUB00000109*,
*COMPTUB00000110*,
*COMPTUB00000111*,
*COMPTUB00000112*,
*COMPTUB00000113*,
*COMPTUB00000114*,
*COMPTUB00000115*,
*COMPTUB00000116*,
*COMPTUB00000117*,
*COMPTUB00000118*,
*COMPTUB00000119*,
*COMPTUB00000120*,
*COMPTUB00000121*,
*COMPTUB00000122*,
*COMPTUB00000123*,
*COMPTUB00000124*,
*COMPTUB00000125*,
*COMPTUB00000126*,
*COMPTUB00000127*,
*COMPTUB00000128*,
*COMPTUB00000129*,
*COMPTUB00000130*,
*COMPTUB00000131*,
*COMPTUB00000132*,
*COMPTUB00000133*,
*COMPTUB00000134*,
*COMPTUB00000135*,
*COMPTUB00000136*,
*COMPTUB00000137*,
*COMPTUB00000138*,
*COMPTUB00000139*,
*COMPTUB00000140*,
*COMPTUB00000141*,
*COMPTUB00000142*,
*COMPTUB00000143*,
*COMPTUB00000144*,
*COMPTUB00000145*,
*COMPTUB00000146*,
*COMPTUB00000147*,
*COMPTUB00000148*,
*COMPTUB00000149*,
*COMPTUB00000150*,
*COMPTUB00000151*,
*COMPTUB00000152*,
*COMPTUB00000153*,
*COMPTUB00000154*,
*COMPTUB00000155*,
*COMPTUB00000156*,
*COMPTUB00000157*,
*COMPTUB00000158*,
*COMPTUB00000159*,
*COMPTUB00000160*,
*COMPTUB00000161*,
*COMPTUB00000162*,
*COMPTUB00000163*,
*COMPTUB00000164*,
*COMPTUB00000165*,
*COMPTUB00000166*,
*COMPTUB00000167*,
*COMPTUB00000168*,
*COMPTUB00000169*,
*COMPTUB00000170*,
*COMPTUB00000171*,
*COMPTUB00000172*,
*COMPTUB00000173*,
*COMPTUB00000174*,
*COMPTUB00000175*,
*COMPTUB00000176*,
*COMPTUB00000177*,
*COMPTUB00000178*,
*COMPTUB00000179*,
*COMPTUB00000180*,
*COMPTUB00000181*,
*COMPTUB00000182*,
*COMPTUB00000183*,
*COMPTUB00000184*,
*COMPTUB00000185*,
*COMPTUB00000186*,
*COMPTUB00000187*,
*COMPTUB00000188*,
*COMPTUB00000189*,
*COMPTUB00000190*,
*COMPTUB00000191*,
*COMPTUB00000192*,
*COMPTUB00000193*,
*COMPTUB00000194*,
*COMPTUB00000195*,
*COMPTUB00000196*,
*COMPTUB00000197*,
*COMPTUB00000198*,
*COMPTUB00000199*,
*COMPTUB00000200*,
*COMPTUB00000201*,
*COMPTUB00000202*,
*COMPTUB00000203*,
*COMPTUB00000204*,
*COMPTUB00000205*,
*COMPTUB00000206*,
*COMPTUB00000207*,
*COMPTUB00000208*,
*COMPTUB00000209*,
*COMPTUB00000210*,
*COMPTUB00000211*,
*COMPTUB00000212*,
*COMPTUB00000213*,
*COMPTUB00000214*,
*COMPTUB00000215*,
*COMPTUB00000216*,
*COMPTUB00000217*,
*COMPTUB00000218*,
*COMPTUB00000219*,
*COMPTUB00000220*,
*COMPTUB00000221*,
*COMPTUB00000222*,
*COMPTUB00000223*,
*COMPTUB00000224*,
*COMPTUB00000225*,
*COMPTUB00000226*,
*COMPTUB00000227*,
*COMPTUB00000228*,
*COMPTUB00000229*,
*COMPTUB00000230*,
*COMPTUB00000231*,
*COMPTUB00000232*,
*COMPTUB00000233*,
*COMPTUB00000234*,
*COMPTUB00000235*,
*COMPTUB00000236*,
*COMPTUB00000237*,
*COMPTUB00000238*,
*COMPTUB00000239*,
*COMPTUB00000240*,
*COMPTUB00000241*,
*COMPTUB00000242*,
*COMPTUB00000243*,
*COMPTUB00000244*,
*COMPTUB00000245*,
*COMPTUB00000246*,
*COMPTUB00000247*,
*COMPTUB00000248*,
*COMPTUB00000249*,
*COMPTUB00000250*,
*COMPTUB00000251*,
*COMPTUB00000252*,
*COMPTUB00000253*,
*COMPTUB00000254*,
*COMPTUB00000255*,
*COMPTUB00000256*,
*COMPTUB00000257*,
*COMPTUB00000258*,
*COMPTUB00000259*,
*COMPTUB00000260*,
*COMPTUB00000261*,
*COMPTUB00000262*,
*COMPTUB00000263*,
*COMPTUB00000264*,
*COMPTUB00000265*,
*COMPTUB00000266*,
*COMPTUB00000267*,
*COMPTUB00000268*,
*COMPTUB00000269*,
*COMPTUB00000270*,
*COMPTUB00000271*,
*COMPTUB00000272*,
*COMPTUB00000273*,
*COMPTUB00000274*,
*COMPTUB00000275*,
*COMPTUB00000276*,
*COMPTUB00000277*,
*COMPTUB00000278*,
*COMPTUB00000279*,
*COMPTUB00000280*,
*COMPTUB00000281*,
*COMPTUB00000282*,
*COMPTUB00000283*,
*COMPTUB00000284*,
*COMPTUB00000285*,
*COMPTUB00000286*,
*COMPTUB00000287*,
*COMPTUB00000288*,
*COMPTUB00000289*,
*COMPTUB00000290*,
*COMPTUB00000291*,
*COMPTUB00000292*,
*COMPTUB00000293*,
*COMPTUB00000294*,
*COMPTUB00000295*,
*COMPTUB00000296*,
*COMPTUB00000297*,
*COMPTUB00000298*,
*COMPTUB00000299*,
*COMPTUB00000300*,
*COMPTUB00000301*,
*COMPTUB00000302*,
*COMPTUB00000303*,
*COMPTUB00000304*,
*COMPTUB00000305*,
*COMPTUB00000306*,
*COMPTUB00000307*,
*COMPTUB00000308*,
*COMPTUB00000309*,
*COMPTUB00000310*,
*COMPTUB00000311*,
*COMPTUB00000312*,
*COMPTUB00000313*,
*COMPTUB00000314*,
*COMPTUB00000315*,
*COMPTUB00000316*,
*COMPTUB00000317*,
*COMPTUB00000318*,
*COMPTUB00000319*,
*COMPTUB00000320*,
*COMPTUB00000321*,
*COMPTUB00000322*,
*COMPTUB00000323*,
*COMPTUB00000324*,
*COMPTUB00000325*,
*COMPTUB00000326*,
*COMPTUB00000327*,
*COMPTUB00000328*,
*COMPTUB00000329*,
*COMPTUB00000330*,
*COMPTUB00000331*,
*COMPTUB00000332*,
*COMPTUB00000333*,
*COMPTUB00000334*,
*COMPTUB00000335*,
*COMPTUB00000336*,
*COMPTUB00000337*,
*COMPTUB00000338*,
*COMPTUB00000339*,
*COMPTUB00000340*,
*COMPTUB00000341*,
*COMPTUB00000342*,
*COMPTUB00000343*,
*COMPTUB00000344*,
*COMPTUB00000345*,
*COMPTUB00000346*,
*COMPTUB00000347*,
*COMPTUB00000348*,
*COMPTUB00000349*,
*COMPTUB00000350*,
*COMPTUB00000351*,
*COMPTUB00000352*,
*COMPTUB00000353*,
*COMPTUB00000354*,
*COMPTUB00000355*,
*COMPTUB00000356*,
*COMPTUB00000357*,
*COMPTUB00000358*,
*COMPTUB00000359*,
*COMPTUB00000360*,
*COMPTUB00000361*,
*COMPTUB00000362*,
*COMPTUB00000363*,
*COMPTUB00000364*,
*COMPTUB00000365*,
*COMPTUB00000366*,
*COMPTUB00000367*,
*COMPTUB00000368*,
*COMPTUB00000369*,
*COMPTUB00000370*,
*COMPTUB00000371*,
*COMPTUB00000372*,
*COMPTUB00000373*,
*COMPTUB00000374*,
*COMPTUB00000375*,
*COMPTUB00000376*,
*COMPTUB00000377*,
*COMPTUB00000378*,
*COMPTUB00000379*,
*COMPTUB00000380*,
*COMPTUB00000381*,
*COMPTUB00000382*,
*COMPTUB00000383*,
*COMPTUB00000384*,
*COMPTUB00000385*,
*COMPTUB00000386*,
*COMPTUB00000387*,
*COMPTUB00000388*,
*COMPTUB00000389*,
*COMPTUB00000390*,
*COMPTUB00000391*,
*COMPTUB00000392*,
*COMPTUB00000393*,
*COMPTUB00000394*,
*COMPTUB00000395*,
*COMPTUB00000396*,
*COMPTUB00000397*,
*COMPTUB00000398*,
*COMPTUB00000399*,
*COMPTUB00000400*,
*COMPTUB00000401*,
*COMPTUB00000402*,
*COMPTUB00000403*,
*COMPTUB00000404*,
*COMPTUB00000405*,
*COMPTUB00000406*,
*COMPTUB00000407*,
*COMPTUB00000408*,
*COMPTUB00000409*,
*COMPTUB00000410*,
*COMPTUB00000411*,
*COMPTUB00000412*,
*COMPTUB00000413*,
*COMPTUB00000414*,
*COMPTUB00000415*,
*COMPTUB00000416*,
*COMPTUB00000417*,
*COMPTUB00000418*,
*COMPTUB00000419*,
*COMPTUB00000420*,
*COMPTUB00000421*,
*COMPTUB00000422*,
*COMPTUB00000423*,
*COMPTUB00000424*,
*COMPTUB00000425*,
*COMPTUB00000426*,
*COMPTUB00000427*,
*COMPTUB00000428*,
*COMPTUB00000429*,
*COMPTUB00000430*,
*COMPTUB00000431*,
*COMPTUB00000432*,
*COMPTUB00000433*,
*COMPTUB00000434*,
*COMPTUB00000435*,
*COMPTUB00000436*,
*COMPTUB00000437*,
*COMPTUB00000438*,
*COMPTUB00000439*,
*COMPTUB00000440*,
*COMPTUB00000441*,
*COMPTUB00000442*,
*COMPTUB00000443*,
*COMPTUB00000444*,
*COMPTUB00000445*,
*COMPTUB00000446*,
*COMPTUB00000447*,
*COMPTUB00000448*,
*COMPTUB00000449*,
*COMPTUB00000450*,
*COMPTUB00000451*,
*COMPTUB00000452*,
*COMPTUB00000453*,
*COMPTUB00000454*,
*COMPTUB00000455*,
*COMPTUB00000456*,
*COMPTUB00000457*,
*COMPTUB00000458*,
*COMPTUB00000459*,
*COMPTUB00000460*,
*COMPTUB00000461*,
*COMPTUB00000462*,
*COMPTUB00000463*,
*COMPTUB00000464*,
*COMPTUB00000465*,
*COMPTUB00000466*,
*COMPTUB00000467*,
*COMPTUB00000468*,
*COMPTUB00000469*,
*COMPTUB00000470*,
*COMPTUB00000471*,
*COMPTUB00000472*,
*COMPTUB00000473*,
*COMPTUB00000474*,
*COMPTUB00000475*,
*COMPTUB00000476*,
*COMPTUB00000477*,
*COMPTUB00000478*,
*COMPTUB00000479*,
*COMPTUB00000480*,
*COMPTUB00000481*,
*COMPTUB00000482*,
*COMPTUB00000483*,
*COMPTUB00000484*,
*COMPTUB00000485*,
*COMPTUB00000486*,
*COMPTUB00000487*,
*COMPTUB00000488*,
*COMPTUB00000489*,
*COMPTUB00000490*,
*COMPTUB00000491*,
*COMPTUB00000492*,
*COMPTUB00000493*,
*COMPTUB00000494*,
*COMPTUB00000495*,
*COMPTUB00000496*,
*COMPTUB00000497*,
*COMPTUB00000498*,
*COMPTUB00000499*,
*COMPTUB00000500*,
*COMPTUB00000501*,
*COMPTUB00000502*,
*COMPTUB00000503*,
*COMPTUB00000504*,
*COMPTUB00000505*,
*COMPTUB00000506*,
*COMPTUB00000507*,
*COMPTUB00000508*,
*COMPTUB00000509*,
*COMPTUB00000510*,
*COMPTUB00000511*,
*COMPTUB00000512*,
*COMPTUB00000513*,
*COMPTUB00000514*,
*COMPTUB00000515*,
*COMPTUB00000516*,
*COMPTUB00000517*,
*COMPTUB00000518*,
*COMPTUB00000519*,
*COMPTUB00000520*,
*COMPTUB00000521*,
*COMPTUB00000522*,
*COMPTUB00000523*,
*COMPTUB00000524*,
*COMPTUB00000525*,
*COMPTUB00000526*,
*COMPTUB00000527*,
*COMPTUB00000528*,
*COMPTUB00000529*,
*COMPTUB00000530*,
*COMPTUB00000531*,
*COMPTUB00000532*,
*COMPTUB00000533*,
*COMPTUB00000534*,
*COMPTUB00000535*,
*COMPTUB00000536*,
*COMPTUB00000537*,
*COMPTUB00000538*,
*COMPTUB00000539*,
*COMPTUB00000540*,
*COMPTUB00000541*,
*COMPTUB00000542*,
*COMPTUB00000543*,
*COMPTUB00000544*,
*COMPTUB00000545*,
*COMPTUB00000546*,
*COMPTUB00000547*,
*COMPTUB00000548*,
*COMPTUB00000549*,
*COMPTUB00000550*,
*COMPTUB00000551*,
*COMPTUB00000552*,
*COMPTUB00000553*,
*COMPTUB00000554*,
*COMPTUB00000555*,
*COMPTUB00000556*,
*COMPTUB00000557*,
*COMPTUB00000558*,
*COMPTUB00000559*,
*COMPTUB00000560*,
*COMPTUB00000561*,
*COMPTUB00000562*,
*COMPTUB00000563*,
*COMPTUB00000564*,
*COMPTUB00000565*,
*COMPTUB00000566*,
*COMPTUB00000567*,
*COMPTUB00000568*,
*COMPTUB00000569*,
*COMPTUB00000570*,
*COMPTUB00000571*,
*COMPTUB00000572*,
*COMPTUB00000573*,
*COMPTUB00000574*,
*COMPTUB00000575*,
*COMPTUB00000576*,
*COMPTUB00000577*,
*COMPTUB00000578*,
*COMPTUB00000579*,
*COMPTUB00000580*,
*COMPTUB00000581*,
*COMPTUB00000582*,
*COMPTUB00000583*,
*COMPTUB00000584*,
*COMPTUB00000585*,
*COMPTUB00000586*,
*COMPTUB00000587*,
*COMPTUB00000588*,
*COMPTUB00000589*,
*COMPTUB00000590*,
*COMPTUB00000591*,
*COMPTUB00000592*,
*COMPTUB00000593*,
*COMPTUB00000594*,
*COMPTUB00000595*,
*COMPTUB00000596*,
*COMPTUB00000597*,
*COMPTUB00000598*,
*COMPTUB00000599*,
*COMPTUB00000600*,
*COMPTUB00000601*,
*COMPTUB00000602*,
*COMPTUB00000603*,
*COMPTUB00000604*,
*COMPTUB00000605*,
*COMPTUB00000606*,
*COMPTUB00000607*,
*COMPTUB00000608*,
*COMPTUB00000609*,
*COMPTUB00000610*,
*COMPTUB00000611*,
*COMPTUB00000612*,
*COMPTUB00000613*,
*COMPTUB00000614*,
*COMPTUB00000615*,
*COMPTUB00000616*,
*COMPTUB00000617*,
*COMPTUB00000618*,
*COMPTUB00000619*,
*COMPTUB00000620*,
*COMPTUB00000621*,
*COMPTUB00000622*,
*COMPTUB00000623*,
*COMPTUB00000624*,
*COMPTUB00000625*,
*COMPTUB00000626*,
*COMPTUB00000627*,
*COMPTUB00000628*,
*COMPTUB00000629*,
*COMPTUB00000630*,
*COMPTUB00000631*,
*COMPTUB00000632*,
*COMPTUB00000633*,
*COMPTUB00000634*,
*COMPTUB00000635*,
*COMPTUB00000636*,
*COMPTUB00000637*,
*COMPTUB00000638*,
*COMPTUB00000639*,
*COMPTUB00000640*,
*COMPTUB00000641*,
*COMPTUB00000642*,
*COMPTUB00000643*,
*COMPTUB00000644*,
*COMPTUB00000645*,
*COMPTUB00000646*,
*COMPTUB00000647*,
*COMPTUB00000648*,
*COMPTUB00000649*,
*COMPTUB00000650*,
*COMPTUB00000651*,
*COMPTUB00000652*,
*COMPTUB00000653*,
*COMPTUB00000654*,
*COMPTUB00000655*,
*COMPTUB00000656*,
*COMPTUB00000657*,
*COMPTUB00000658*,
*COMPTUB00000659*,
*COMPTUB00000660*,
*COMPTUB00000661*,
*COMPTUB00000662*,
*COMPTUB00000663*,
*COMPTUB00000664*,
*COMPTUB00000665*,
*COMPTUB00000666*,
*COMPTUB00000667*,
*COMPTUB00000668*,
*COMPTUB00000669*,
*COMPTUB00000670*,
*COMPTUB00000671*,
*COMPTUB00000672*,
*COMPTUB00000673*,
*COMPTUB00000674*,
*COMPTUB00000675*,
*COMPTUB00000676*,
*COMPTUB00000677*,
*COMPTUB00000678*,
*COMPTUB00000679*,
*COMPTUB00000680*,
*COMPTUB00000681*,
*COMPTUB00000682*,
*COMPTUB00000683*,
*COMPTUB00000684*,
*COMPTUB00000685*,
*COMPTUB00000686*,
*COMPTUB00000687*,
*COMPTUB00000688*,
*COMPTUB00000689*,
*COMPTUB00000690*,
*COMPTUB00000691*,
*COMPTUB00000692*,
*COMPTUB00000693*,
*COMPTUB00000694*,
*COMPTUB00000695*,
*COMPTUB00000696*,
*COMPTUB00000697*,
*COMPTUB00000698*,
*COMPTUB00000699*,
*COMPTUB00000700*,
*COMPTUB00000701*,
*COMPTUB00000702*,
*COMPTUB00000703*,
*COMPTUB00000704*,
*COMPTUB00000705*,
*COMPTUB00000706*,
*COMPTUB00000707*,
*COMPTUB00000708*,
*COMPTUB00000709*,
*COMPTUB00000710*,
*COMPTUB00000711*,
*COMPTUB00000712*,
*COMPTUB00000713*,
*COMPTUB00000714*,
*COMPTUB00000715*,
*COMPTUB00000716*,
*COMPTUB00000717*,
*COMPTUB00000718*,
*COMPTUB00000719*,
*COMPTUB00000720*,
*COMPTUB00000721*,
*COMPTUB00000722*,
*COMPTUB00000723*,
*COMPTUB00000724*,
*COMPTUB00000725*,
*COMPTUB00000726*,
*COMPTUB00000727*,
*COMPTUB00000728*,
*COMPTUB00000729*,
*COMPTUB00000730*,
*COMPTUB00000731*,
*COMPTUB00000732*,
*COMPTUB00000733*,
*COMPTUB00000734*,
*COMPTUB00000735*,
*COMPTUB00000736*,
*COMPTUB00000737*,
*COMPTUB00000738*,
*COMPTUB00000739*,
*COMPTUB00000740*,
*COMPTUB00000741*,
*COMPTUB00000742*,
*COMPTUB00000743*,
*COMPTUB00000744*,
*COMPTUB00000745*,
*COMPTUB00000746*,
*COMPTUB00000747*,
*COMPTUB00000748*,
*COMPTUB00000749*,
*COMPTUB00000750*,
*COMPTUB00000751*,
*COMPTUB00000752*,
*COMPTUB00000753*,
*COMPTUB00000754*,
*COMPTUB00000755*,
*COMPTUB00000756*,
*COMPTUB00000757*,
*COMPTUB00000758*,
*COMPTUB00000759*,
*COMPTUB00000760*,
*COMPTUB00000761*,
*COMPTUB00000762*,
*COMPTUB00000763*,
*COMPTUB00000764*,
*COMPTUB00000765*,
*COMPTUB00000766*,
*COMPTUB00000767*,
*COMPTUB00000768*,
*COMPTUB00000769*,
*COMPTUB00000770*,
*COMPTUB00000771*,
*COMPTUB00000772*,
*COMPTUB00000773*,
*COMPTUB00000774*,
*COMPTUB00000775*,
*COMPTUB00000776*,
*COMPTUB00000777*,
*COMPTUB00000778*,
*COMPTUB00000779*,
*COMPTUB00000780*,
*COMPTUB00000781*,
*COMPTUB00000782*,
*COMPTUB00000783*,
*COMPTUB00000784*,
*COMPTUB00000785*,
*COMPTUB00000786*,
*COMPTUB00000787*,
*COMPTUB00000788*,
*COMPTUB00000789*,
*COMPTUB00000790*,
*COMPTUB00000791*,
*COMPTUB00000792*,
*COMPTUB00000793*,
*COMPTUB00000794*,
*COMPTUB00000795*,
*COMPTUB00000796*,
*COMPTUB00000797*,
*COMPTUB00000798*,
*COMPTUB00000799*,
*COMPTUB00000800*,
*COMPTUB00000801*,
*COMPTUB00000802*,
*COMPTUB00000803*,
*COMPTUB00000804*,
*COMPTUB00000805*,
*COMPTUB00000806*,
*COMPTUB00000807*,
*COMPTUB00000808*,
*COMPTUB00000809*,
*COMPTUB00000810*,
*COMPTUB00000811*,
*COMPTUB00000812*,
*COMPTUB00000813*,
*COMPTUB00000814*,
*COMPTUB00000815*,
*COMPTUB00000816*,
*COMPTUB00000817*,
*COMPTUB00000818*,
*COMPTUB00000819*,
*COMPTUB00000820*,
*COMPTUB00000821*,
*COMPTUB00000822*,
*COMPTUB00000823*,
*COMPTUB00000824*,
*COMPTUB00000825*,
*COMPTUB00000826*,
*COMPTUB00000827*,
*COMPTUB00000828*,
*COMPTUB00000829*,
*COMPTUB00000830*,
*COMPTUB00000831*,
*COMPTUB00000832*,
*COMPTUB00000833*,
*COMPTUB00000834*,
*COMPTUB00000835*,
*COMPTUB00000836*,
*COMPTUB00000837*,
*COMPTUB00000838*,
*COMPTUB00000839*,
*COMPTUB00000840*,
*COMPTUB00000841*,
*COMPTUB00000842*,
*COMPTUB00000843*,
*COMPTUB00000844*,
*COMPTUB00000845*,
*COMPTUB00000846*,
*COMPTUB00000847*,
*COMPTUB00000848*,
*COMPTUB00000849*,
*COMPTUB00000850*,
*COMPTUB00000851*,
*COMPTUB00000852*,
*COMPTUB00000853*,
*COMPTUB00000854*,
*COMPTUB00000855*,
*COMPTUB00000856*,
*COMPTUB00000857*,
*COMPTUB00000858*,
*COMPTUB00000859*,
*COMPTUB00000860*,
*COMPTUB00000861*,
*COMPTUB00000862*,
*COMPTUB00000863*,
*COMPTUB00000864*,
*COMPTUB00000865*,
*COMPTUB00000866*,
*COMPTUB00000867*,
*COMPTUB00000868*,
*COMPTUB00000869*,
*COMPTUB00000870*,
*COMPTUB00000871*,
*COMPTUB00000872*,
*COMPTUB00000873*,
*COMPTUB00000874*,
*COMPTUB00000875*,
*COMPTUB00000876*,
*COMPTUB00000877*,
*COMPTUB00000878*,
*COMPTUB00000879*,
*COMPTUB00000880*,
*COMPTUB00000881*,
*COMPTUB00000882*,
*COMPTUB00000883*,
*COMPTUB00000884*,
*COMPTUB00000885*,
*COMPTUB00000886*,
*COMPTUB00000887*,
*COMPTUB00000888*,
*COMPTUB00000889*,
*COMPTUB00000890*,
*COMPTUB00000891*,
*COMPTUB00000892*,
*COMPTUB00000893*,
*COMPTUB00000894*,
*COMPTUB00000895*,
*COMPTUB00000896*,
*COMPTUB00000897*,
*COMPTUB00000898*,
*COMPTUB00000899*,
*COMPTUB00000900*,
*COMPTUB00000901*,
*COMPTUB00000902*,
*COMPTUB00000903*,
*COMPTUB00000904*,
*COMPTUB00000905*,
*COMPTUB00000906*,
*COMPTUB00000907*,
*COMPTUB00000908*,
*COMPTUB00000909*,
*COMPTUB00000910*,
*COMPTUB00000911*,
*COMPTUB00000912*,
*COMPTUB00000913*,
*COMPTUB00000914*,
*COMPTUB00000915*,
*COMPTUB00000916*,
*COMPTUB00000917*,
*COMPTUB00000918*,
*COMPTUB00000919*,
*COMPTUB00000920*,
*COMPTUB00000921*,
*COMPTUB00000922*,
*COMPTUB00000923*,
*COMPTUB00000924*,
*COMPTUB00000925*,
*COMPTUB00000926*,
*COMPTUB00000927*,
*COMPTUB00000928*,
*COMPTUB00000929*,
*COMPTUB00000930*,
*COMPTUB00000931*,
*COMPTUB00000932*,
*COMPTUB00000933*,
*COMPTUB00000934*,
*COMPTUB00000935*,
*COMPTUB00000936*,
*COMPTUB00000937*,
*COMPTUB00000938*,
*COMPTUB00000939*,
*COMPTUB00000940*,
*COMPTUB00000941*,
*COMPTUB00000942*,
*COMPTUB00000943*,
*COMPTUB00000944*,
*COMPTUB00000945*,
*COMPTUB00000946*,
*COMPTUB00000947*,
*COMPTUB00000948*,
*COMPTUB00000949*,
*COMPTUB00000950*,
*COMPTUB00000951*,
*COMPTUB00000952*,
*COMPTUB00000953*,
*COMPTUB00000954*,
*COMPTUB00000955*,
*COMPTUB00000956*,
*COMPTUB00000957*,
*COMPTUB00000958*,
*COMPTUB00000959*,
*COMPTUB00000960*,
*COMPTUB00000961*,
*COMPTUB00000962*,
*COMPTUB00000963*,
*COMPTUB00000964*,
*COMPTUB00000965*,
*COMPTUB00000966*,
*COMPTUB00000967*,
*COMPTUB00000968*,
*COMPTUB00000969*,
*COMPTUB00000970*,
*COMPTUB00000971*,
*COMPTUB00000972*,
*COMPTUB00000973*,
*COMPTUB00000974*,
*COMPTUB00000975*,
*COMPTUB00000976*,
*COMPTUB00000977*,
*COMPTUB00000978*,
*COMPTUB00000979*,
*COMPTUB00000980*,
*COMPTUB00000981*,
*COMPTUB00000982*,
*COMPTUB00000983*,
*COMPTUB00000984*,
*COMPTUB00000985*,
*COMPTUB00000986*,
*COMPTUB00000987*,
*COMPTUB00000988*,
*COMPTUB00000989*,
*COMPTUB00000990*,
*COMPTUB00000991*,
*COMPTUB00000992*,
*COMPTUB00000993*,
*COMPTUB00000994*,
*COMPTUB00000995*,
*COMPTUB00000996*,
*COMPTUB00000997*,
*COMPTUB00000998*,
*COMPTUB00000999*,
*COMPTUB00001000*,
*COMPTUB00001001*,
*COMPTUB00001002*,
*COMPTUB00001003*,
*COMPTUB00001004*,
*COMPTUB00001005*,
*COMPTUB00001006*,
*COMPTUB00001007*,
*COMPTUB00001008*,
*COMPTUB00001009*,
*COMPTUB00001010*,
*COMPTUB00001011*,
*COMPTUB00001012*,
*COMPTUB00001013*,
*COMPTUB00001014*,
*COMPTUB00001015*,
*COMPTUB00001016*,
*COMPTUB00001017*,
*COMPTUB00001018*,
*COMPTUB00001019*,
*COMPTUB00001020*,
*COMPTUB00001021*,
*COMPTUB00001022*,
*COMPTUB00001023*,
*COMPTUB00001024*,
*COMPTUB00001025*,
*COMPTUB00001026*,
*COMPTUB00001027*,
*COMPTUB00001028*,
*COMPTUB00001029*,
*COMPTUB00001030*,
*COMPTUB00001031*,
*COMPTUB00001032*,
*COMPTUB00001033*,
*COMPTUB00001034*,
*COMPTUB00001035*,
*COMPTUB00001036*,
*COMPTUB00001037*,
*COMPTUB00001038*,
*COMPTUB00001039*,
*COMPTUB00001040*,
*COMPTUB00001041*,
*COMPTUB00001042*,
*COMPTUB00001043*,
*COMPTUB00001044*,
*COMPTUB00001045*,
*COMPTUB00001046*,
*COMPTUB00001047*,
*COMPTUB00001048*,
*COMPTUB00001049*,
*COMPTUB00001050*,
*COMPTUB00001051*,
*COMPTUB00001052*,
*COMPTUB00001053*,
*COMPTUB00001054*,
*COMPTUB00001055*,
*COMPTUB00001056*,
*COMPTUB00001057*,
*COMPTUB00001058*,
*COMPTUB00001059*,
*COMPTUB00001060*,
*COMPTUB00001061*,
*COMPTUB00001062*,
*COMPTUB00001063*,
*COMPTUB00001064*,
*COMPTUB00001065*,
*COMPTUB00001066*,
*COMPTUB00001067*,
*COMPTUB00001068*,
*COMPTUB00001069*,
*COMPTUB00001070*,
*COMPTUB00001071*,
*COMPTUB00001072*,
*COMPTUB00001073*,
*COMPTUB00001074*,
*COMPTUB00001075*,
*COMPTUB00001076*,
*COMPTUB00001077*,
*COMPTUB00001078*,
*COMPTUB00001079*,
*COMPTUB00001080*,
*COMPTUB00001081*,
*COMPTUB00001082*,
*COMPTUB00001083*,
*COMPTUB00001084*,
*COMPTUB00001085*,
*COMPTUB00001086*,
*COMPTUB00001087*,
*COMPTUB00001088*,
*COMPTUB00001089*,
*COMPTUB00001090*,
*COMPTUB00001091*,
*COMPTUB00001092*,
*COMPTUB00001093*,
*COMPTUB00001094*,
*COMPTUB00001095*,
*COMPTUB00001096*,
*COMPTUB00001097*,
*COMPTUB00001098*,
*COMPTUB00001099*,
*COMPTUB00001100*,
*COMPTUB00001101*,
*COMPTUB00001102*,
*COMPTUB00001103*,
*COMPTUB00001104*,
*COMPTUB00001105*,
*COMPTUB00001106*,
*COMPTUB00001107*,
*COMPTUB00001108*,
*COMPTUB00001109*,
*COMPTUB00001110*,
*COMPTUB00001111*,
*COMPTUB00001112*,
*COMPTUB00001113*,
*COMPTUB00001114*,
*COMPTUB00001115*,
*COMPTUB00001116*,
*COMPTUB00001117*,
*COMPTUB00001118*,
*COMPTUB00001119*,
*COMPTUB00001120*,
*COMPTUB00001121*,
*COMPTUB00001122*,
*COMPTUB00001123*,
*COMPTUB00001124*,
*COMPTUB00001125*,
*COMPTUB00001126*,
*COMPTUB00001127*,
*COMPTUB00001128*,
*COMPTUB00001129*,
*COMPTUB00001130*,
*COMPTUB00001131*,
*COMPTUB00001132*,
*COMPTUB00001133*,
*COMPTUB00001134*,
*COMPTUB00001135*,
*COMPTUB00001136*,
*COMPTUB00001137*,
*COMPTUB00001138*,
*COMPTUB00001139*,
*COMPTUB00001140*,
*COMPTUB00001141*,
*COMPTUB00001142*,
*COMPTUB00001143*,
*COMPTUB00001144*,
*COMPTUB00001145*,
*COMPTUB00001146*,
*COMPTUB00001147*,
*COMPTUB00001148*,
*COMPTUB00001149*,
*COMPTUB00001150*,
*COMPTUB00001151*,
*COMPTUB00001152*,
*COMPTUB00001153*,
*COMPTUB00001154*,
*COMPTUB00001155*,
*COMPTUB00001156*,
*COMPTUB00001157*,
*COMPTUB00001158*,
*COMPTUB00001159*,
*COMPTUB00001160*,
*COMPTUB00001161*,
*COMPTUB00001162*,
*COMPTUB00001163*,
*COMPTUB00001164*,
*COMPTUB00001165*,
*COMPTUB00001166*,
*COMPTUB00001167*,
*COMPTUB00001168*,
*COMPTUB00001169*,
*COMPTUB00001170*,
*COMPTUB00001171*,
*COMPTUB00001172*,
*COMPTUB00001173*,
*COMPTUB00001174*,
*COMPTUB00001175*,
*COMPTUB00001176*,
*COMPTUB00001177*,
*COMPTUB00001178*,
*COMPTUB00001179*,
*COMPTUB00001180*,
*COMPTUB00001181*,
*COMPTUB00001182*,
*COMPTUB00001183*,
*COMPTUB00001184*,
*COMPTUB00001185*,
*COMPTUB00001186*,
*COMPTUB00001187*,
*COMPTUB00001188*,
*COMPTUB00001189*,
*COMPTUB00001190*,
*COMPTUB00001191*,
*COMPTUB00001192*,
*COMPTUB00001193*,
*COMPTUB00001194*,
*COMPTUB00001195*,
*COMPTUB00001196*,
*COMPTUB00001197*,
*COMPTUB00001198*,
*COMPTUB00001199*,
*COMPTUB00001200*,
*COMPTUB00001201*,
*COMPTUB00001202*,
*COMPTUB00001203*,
*COMPTUB00001204*,
*COMPTUB00001205*,
*COMPTUB00001206*,
*COMPTUB00001207*,
*COMPTUB00001208*,
*COMPTUB00001209*,
*COMPTUB00001210*,
*COMPTUB00001211*,
*COMPTUB00001212*,
*COMPTUB00001213*,
*COMPTUB00001214*,
*COMPTUB00001215*,
*COMPTUB00001216*,
*COMPTUB00001217*,
*COMPTUB00001218*,
*COMPTUB00001219*,
*COMPTUB00001220*,
*COMPTUB00001221*,
*COMPTUB00001222*,
*COMPTUB00001223*,
*COMPTUB00001224*,
*COMPTUB00001225*,
*COMPTUB00001226*,
*COMPTUB00001227*,
*COMPTUB00001228*,
*COMPTUB00001229*,
*COMPTUB00001230*,
*COMPTUB00001231*,
*COMPTUB00001232*,
*COMPTUB00001233*,
*COMPTUB00001234*,
*COMPTUB00001235*,
*COMPTUB00001236*,
*COMPTUB00001237*,
*COMPTUB00001238*,
*COMPTUB00001239*,
*COMPTUB00001240*,
*COMPTUB00001241*,
*COMPTUB00001242*,
*COMPTUB00001243*,
*COMPTUB00001244*,
*COMPTUB00001245*,
*COMPTUB00001246*,
*COMPTUB00001247*,
*COMPTUB00001248*,
*COMPTUB00001249*,
*COMPTUB00001250*,
*COMPTUB00001251*,
*COMPTUB00001252*,
*COMPTUB00001253*,
*COMPTUB00001254*,
*COMPTUB00001255*,
*COMPTUB00001256*,
*COMPTUB00001257*,
*COMPTUB00001258*,
*COMPTUB00001259*,
*COMPTUB00001260*,
*COMPTUB00001261*,
*COMPTUB00001262*,
*COMPTUB00001263*,
*COMPTUB00001264*,
*COMPTUB00001265*,
*COMPTUB00001266*,
*COMPTUB00001267*,
*COMPTUB00001268*,
*COMPTUB00001269*,
*COMPTUB00001270*,
*COMPTUB00001271*,
*COMPTUB00001272*,
*COMPTUB00001273*,
*COMPTUB00001274*,
*COMPTUB00001275*,
*COMPTUB00001276*,
*COMPTUB00001277*,
*COMPTUB00001278*,
*COMPTUB00001279*,
*COMPTUB00001280*,
*COMPTUB00001281*,
*COMPTUB00001282*,
*COMPTUB00001283*,
*COMPTUB00001284*,
*COMPTUB00001285*,
*COMPTUB00001286*,
*COMPTUB00001287*,
*COMPTUB00001288*,
*COMPTUB00001289*,
*COMPTUB00001290*,
*COMPTUB00001291*,
*COMPTUB00001292*,
*COMPTUB00001293*,
*COMPTUB00001294*,
*COMPTUB00001295*,
*COMPTUB00001296*,
*COMPTUB00001297*,
*COMPTUB00001298*,
*COMPTUB00001299*,
*COMPTUB00001300*,
*COMPTUB00001301*,
*COMPTUB00001302*,
*COMPTUB00001303*,
*COMPTUB00001304*,
*COMPTUB00001305*,
*COMPTUB00001306*,
*COMPTUB00001307*,
*COMPTUB00001308*,
*COMPTUB00001309*,
*COMPTUB00001310*,
*COMPTUB00001311*,
*COMPTUB00001312*,
*COMPTUB00001313*,
*COMPTUB00001314*,
*COMPTUB00001315*,
*COMPTUB00001316*,
*COMPTUB00001317*,
*COMPTUB00001318*,
*COMPTUB00001319*,
*COMPTUB00001320*,
*COMPTUB00001321*,
*COMPTUB00001322*,
*COMPTUB00001323*,
*COMPTUB00001324*,
*COMPTUB00001325*,
*COMPTUB00001326*,
*COMPTUB00001327*,
*COMPTUB00001328*,
*COMPTUB00001329*,
*COMPTUB00001330*,
*COMPTUB00001331*,
*COMPTUB00001332*,
*COMPTUB00001333*,
*COMPTUB00001334*,
*COMPTUB00001335*,
*COMPTUB00001336*,
*COMPTUB00001337*,
*COMPTUB00001338*,
*COMPTUB00001339*,
*COMPTUB00001340*,
*COMPTUB00001341*,
*COMPTUB00001342*,
*COMPTUB00001343*,
*COMPTUB00001344*,
*COMPTUB00001345*,
*COMPTUB00001346*,
*COMPTUB00001347*,
*COMPTUB00001348*,
*COMPTUB00001349*,
*COMPTUB00001350*,
*COMPTUB00001351*,
*COMPTUB00001352*,
*COMPTUB00001353*,
*COMPTUB00001354*,
*COMPTUB00001355*,
*COMPTUB00001356*,
*COMPTUB00001357*,
*COMPTUB00001358*,
*COMPTUB00001359*,
*COMPTUB00001360*,
*COMPTUB00001361*,
*COMPTUB00001362*,
*COMPTUB00001363*,
*COMPTUB00001364*,
*COMPTUB00001365*,
*COMPTUB00001366*,
*COMPTUB00001367*,
*COMPTUB00001368*,
*COMPTUB00001369*,
*COMPTUB00001370*,
*COMPTUB00001371*,
*COMPTUB00001372*,
*COMPTUB00001373*,
*COMPTUB00001374*,
*COMPTUB00001375*,
*COMPTUB00001376*,
*COMPTUB00001377*,
*COMPTUB00001378*,
*COMPTUB00001379*,
*COMPTUB00001380*,
*COMPTUB00001381*,
*COMPTUB00001382*,
*COMPTUB00001383*,
*COMPTUB00001384*,
*COMPTUB00001385*,
*COMPTUB00001386*,
*COMPTUB00001387*,
*COMPTUB00001388*,
*COMPTUB00001389*,
*COMPTUB00001390*,
*COMPTUB00001391*,
*COMPTUB00001392*,
*COMPTUB00001393*,
*COMPTUB00001394*,
*COMPTUB00001395*,
*COMPTUB00001396*,
*COMPTUB00001397*,
*COMPTUB00001398*,
*COMPTUB00001399*,
*COMPTUB00001400*,
*COMPTUB00001401*,
*COMPTUB00001402*,
*COMPTUB00001403*,
*COMPTUB00001404*,
*COMPTUB00001405*,
*COMPTUB00001406*,
*COMPTUB00001407*,
*COMPTUB00001408*,
*COMPTUB00001409*,
*COMPTUB00001410*,
*COMPTUB00001411*,
*COMPTUB00001412*,
*COMPTUB00001413*,
*COMPTUB00001414*,
*COMPTUB00001415*,
*COMPTUB00001416*,
*COMPTUB00001417*,
*COMPTUB00001418*,
*COMPTUB00001419*,
*COMPTUB00001420*,
*COMPTUB00001421*,
*COMPTUB00001422*,
*COMPTUB00001423*,
*COMPTUB00001424*,
*COMPTUB00001425*,
*COMPTUB00001426*,
*COMPTUB00001427*,
*COMPTUB00001428*,
*COMPTUB00001429*,
*COMPTUB00001430*,
*COMPTUB00001431*,
*COMPTUB00001432*,
*COMPTUB00001433*,
*COMPTUB00001434*,
*COMPTUB00001435*,
*COMPTUB00001436*,
*COMPTUB00001437*,
*COMPTUB00001438*,
*COMPTUB00001439*,
*COMPTUB00001440*,
*COMPTUB00001441*,
*COMPTUB00001442*,
*COMPTUB00001443*,
*COMPTUB00001444*,
*COMPTUB00001445*,
*COMPTUB00001446*,
*COMPTUB00001447*,
*COMPTUB00001448*,
*COMPTUB00001449*,
*COMPTUB00001450*,
*COMPTUB00001451*,
*COMPTUB00001452*,
*COMPTUB00001453*,
*COMPTUB00001454*,
*COMPTUB00001455*,
*COMPTUB00001456*,
*COMPTUB00001457*,
*COMPTUB00001458*,
*COMPTUB00001459*,
*COMPTUB00001460*,
*COMPTUB00001461*,
*COMPTUB00001462*,
*COMPTUB00001463*,
*COMPTUB00001464*,
*COMPTUB00001465*,
*COMPTUB00001466*,
*COMPTUB00001467*,
*COMPTUB00001468*,
*COMPTUB00001469*,
*COMPTUB00001470*,
*COMPTUB00001471*,
*COMPTUB00001472*,
*COMPTUB00001473*,
*COMPTUB00001474*,
*COMPTUB00001475*,
*COMPTUB00001476*,
*COMPTUB00001477*,
*COMPTUB00001478*,
*COMPTUB00001479*,
*COMPTUB00001480*,
*COMPTUB00001481*,
*COMPTUB00001482*,
*COMPTUB00001483*,
*COMPTUB00001484*,
*COMPTUB00001485*,
*COMPTUB00001486*,
*COMPTUB00001487*,
*COMPTUB00001488*,
*COMPTUB00001489*,
*COMPTUB00001490*,
*COMPTUB00001491*,
*COMPTUB00001492*,
*COMPTUB00001493*,
*COMPTUB00001494*,
*COMPTUB00001495*,
*COMPTUB00001496*,
*COMPTUB00001497*,
*COMPTUB00001498*,
*COMPTUB00001499*,
*COMPTUB00001500*,
*COMPTUB00001501*,
*COMPTUB00001502*,
*COMPTUB00001503*,
*COMPTUB00001504*,
*COMPTUB00001505*,
*COMPTUB00001506*,
*COMPTUB00001507*,
*COMPTUB00001508*,
*COMPTUB00001509*,
*COMPTUB00001510*,
*COMPTUB00001511*,
*COMPTUB00001512*,
*COMPTUB00001513*,
*COMPTUB00001514*,
*COMPTUB00001515*,
*COMPTUB00001516*,
*COMPTUB00001517*,
*COMPTUB00001518*,
*COMPTUB00001519*,
*COMPTUB00001520*,
*COMPTUB00001521*,
*COMPTUB00001522*,
*COMPTUB00001523*,
*COMPTUB00001524*,
*COMPTUB00001525*,
*COMPTUB00001526*,
*COMPTUB00001527*,
*COMPTUB00001528*,
*COMPTUB00001529*,
*COMPTUB00001530*,
*COMPTUB00001531*,
*COMPTUB00001532*,
*COMPTUB00001533*,
*COMPTUB00001534*,
*COMPTUB00001535*,
*COMPTUB00001536*,
*COMPTUB00001537*,
*COMPTUB00001538*,
*COMPTUB00001539*,
*COMPTUB00001540*,
*COMPTUB00001541*,
*COMPTUB00001542*,
*COMPTUB00001543*,
*COMPTUB00001544*,
*COMPTUB00001545*,
*COMPTUB00001546*,
*COMPTUB00001547*,
*COMPTUB00001548*,
*COMPTUB00001549*,
*COMPTUB00001550*,
*COMPTUB00001551*,
*COMPTUB00001552*,
*COMPTUB00001553*,
*COMPTUB00001554*,
*COMPTUB00001555*,
*COMPTUB00001556*,
*COMPTUB00001557*,
*COMPTUB00001558*,
*COMPTUB00001559*,
*COMPTUB00001560*,
*COMPTUB00001561*,
*COMPTUB00001562*,
*COMPTUB00001563*,
*COMPTUB00001564*,
*COMPTUB00001565*,
*COMPTUB00001566*,
*COMPTUB00001567*,
*COMPTUB00001568*,
*COMPTUB00001569*,
*COMPTUB00001570*,
*COMPTUB00001571*,
*COMPTUB00001572*,
*COMPTUB00001573*,
*COMPTUB00001574*,
*COMPTUB00001575*,
*COMPTUB00001576*,
*COMPTUB00001577*,
*COMPTUB00001578*,
*COMPTUB00001579*,
*COMPTUB00001580*,
*COMPTUB00001581*,
*COMPTUB00001582*,
*COMPTUB00001583*,
*COMPTUB00001584*,
*COMPTUB00001585*,
*COMPTUB00001586*,
*COMPTUB00001587*,
*COMPTUB00001588*,
*COMPTUB00001589*,
*COMPTUB00001590*,
*COMPTUB00001591*,
*COMPTUB00001592*,
*COMPTUB00001593*,
*COMPTUB00001594*,
*COMPTUB00001595*,
*COMPTUB00001596*,
*COMPTUB00001597*,
*COMPTUB00001598*,
*COMPTUB00001599*,
*COMPTUB00001600*,
*COMPTUB00001601*,
*COMPTUB00001602*,
*COMPTUB00001603*,
*COMPTUB00001604*,
*COMPTUB00001605*,
*COMPTUB00001606*,
*COMPTUB00001607*,
*COMPTUB00001608*,
*COMPTUB00001609*,
*COMPTUB00001610*,
*COMPTUB00001611*,
*COMPTUB00001612*,
*COMPTUB00001613*,
*COMPTUB00001614*,
*COMPTUB00001615*,
*COMPTUB00001616*,
*COMPTUB00001617*,
*COMPTUB00001618*,
*COMPTUB00001619*,
*COMPTUB00001620*,
*COMPTUB00001621*,
*COMPTUB00001622*,
*COMPTUB00001623*,
*COMPTUB00001624*,
*COMPTUB00001625*,
*COMPTUB00001626*,
*COMPTUB00001627*,
*COMPTUB00001628*,
*COMPTUB00001629*,
*COMPTUB00001630*,
*COMPTUB00001631*,
*COMPTUB00001632*,
*COMPTUB00001633*,
*COMPTUB00001634*,
*COMPTUB00001635*,
*COMPTUB00001636*,
*COMPTUB00001637*,
*COMPTUB00001638*,
*COMPTUB00001639*,
*COMPTUB00001640*,
*COMPTUB00001641*,
*COMPTUB00001642*,
*COMPTUB00001643*,
*COMPTUB00001644*,
*COMPTUB00001645*,
*COMPTUB00001646*,
*COMPTUB00001647*,
*COMPTUB00001648*,
*COMPTUB00001649*,
*COMPTUB00001650*,
*COMPTUB00001651*,
*COMPTUB00001652*,
*COMPTUB00001653*,
*COMPTUB00001654*,
*COMPTUB00001655*,
*COMPTUB00001656*,
*COMPTUB00001657*,
*COMPTUB00001658*,
*COMPTUB00001659*,
*COMPTUB00001660*,
*COMPTUB00001661*,
*COMPTUB00001662*,
*COMPTUB00001663*,
*COMPTUB00001664*,
*COMPTUB00001665*,
*COMPTUB00001666*,
*COMPTUB00001667*,
*COMPTUB00001668*,
*COMPTUB00001669*,
*COMPTUB00001670*,
*COMPTUB00001671*,
*COMPTUB00001672*,
*COMPTUB00001673*,
*COMPTUB00001674*,
*COMPTUB00001675*,
*COMPTUB00001676*,
*COMPTUB00001677*,
*COMPTUB00001678*,
*COMPTUB00001679*,
*COMPTUB00001680*,
*COMPTUB00001681*,
*COMPTUB00001682*,
*COMPTUB00001683*,
*COMPTUB00001684*,
*COMPTUB00001685*,
*COMPTUB00001686*,
*COMPTUB00001687*,
*COMPTUB00001688*,
*COMPTUB00001689*,
*COMPTUB00001690*,
*COMPTUB00001691*,
*COMPTUB00001692*,
*COMPTUB00001693*,
*COMPTUB00001694*,
*COMPTUB00001695*,
*COMPTUB00001696*,
*COMPTUB00001697*,
*COMPTUB00001698*,
*COMPTUB00001699*,
*COMPTUB00001700*,
*COMPTUB00001701*,
*COMPTUB00001702*,
*COMPTUB00001703*,
*COMPTUB00001704*,
*COMPTUB00001705*,
*COMPTUB00001706*,
*COMPTUB00001707*,
*COMPTUB00001708*,
*COMPTUB00001709*,
*COMPTUB00001710*,
*COMPTUB00001711*,
*COMPTUB00001712*,
*COMPTUB00001713*,
*COMPTUB00001714*,
*COMPTUB00001715*,
*COMPTUB00001716*,
*COMPTUB00001717*,
*COMPTUB00001718*,
*COMPTUB00001719*,
*COMPTUB00001720*,
*COMPTUB00001721*,
*COMPTUB00001722*,
*COMPTUB00001723*,
*COMPTUB00001724*,
*COMPTUB00001725*,
*COMPTUB00001726*,
*COMPTUB00001727*,
*COMPTUB00001728*,
*COMPTUB00001729*,
*COMPTUB00001730*,
*COMPTUB00001731*,
*COMPTUB00001732*,
*COMPTUB00001733*,
*COMPTUB00001734*,
*COMPTUB00001735*,
*COMPTUB00001736*,
*COMPTUB00001737*,
*COMPTUB00001738*,
*COMPTUB00001739*,
*COMPTUB00001740*,
*COMPTUB00001741*,
*COMPTUB00001742*,
*COMPTUB00001743*,
*COMPTUB00001744*,
*COMPTUB00001745*,
*COMPTUB00001746*,
*COMPTUB00001747*,
*COMPTUB00001748*,
*COMPTUB00001749*,
*COMPTUB00001750*,
*COMPTUB00001751*,
*COMPTUB00001752*,
*COMPTUB00001753*,
*COMPTUB00001754*,
*COMPTUB00001755*,
*COMPTUB00001756*,
*COMPTUB00001757*,
*COMPTUB00001758*,
*COMPTUB00001759*,
*COMPTUB00001760*,
*COMPTUB00001761*,
*COMPTUB00001762*,
*COMPTUB00001763*,
*COMPTUB00001764*,
*COMPTUB00001765*,
*COMPTUB00001766*,
*COMPTUB00001767*,
*COMPTUB00001768*,
*COMPTUB00001769*,
*COMPTUB00001770*,
*COMPTUB00001771*,
*COMPTUB00001772*,
*COMPTUB00001773*,
*COMPTUB00001774*,
*COMPTUB00001775*,
*COMPTUB00001776*,
*COMPTUB00001777*,
*COMPTUB00001778*,
*COMPTUB00001779*,
*COMPTUB00001780*,
*COMPTUB00001781*,
*COMPTUB00001782*,
*COMPTUB00001783*,
*COMPTUB00001784*,
*COMPTUB00001785*,
*COMPTUB00001786*,
*COMPTUB00001787*,
*COMPTUB00001788*,
*COMPTUB00001789*,
*COMPTUB00001790*,
*COMPTUB00001791*,
*COMPTUB00001792*,
*COMPTUB00001793*,
*COMPTUB00001794*,
*COMPTUB00001795*,
*COMPTUB00001796*,
*COMPTUB00001797*,
*COMPTUB00001798*,
*COMPTUB00001799*,
*COMPTUB00001800*,
*COMPTUB00001801*,
*COMPTUB00001802*,
*COMPTUB00001803*,
*COMPTUB00001804*,
*COMPTUB00001805*,
*COMPTUB00001806*,
*COMPTUB00001807*,
*COMPTUB00001808*,
*COMPTUB00001809*,
*COMPTUB00001810*,
*COMPTUB00001811*,
*COMPTUB00001812*,
*COMPTUB00001813*,
*COMPTUB00001814*,
*COMPTUB00001815*,
*COMPTUB00001816*,
*COMPTUB00001817*,
*COMPTUB00001818*,
*COMPTUB00001819*,
*COMPTUB00001820*,
*COMPTUB00001821*,
*COMPTUB00001822*,
*COMPTUB00001823*,
*COMPTUB00001824*,
*COMPTUB00001825*,
*COMPTUB00001826*,
*COMPTUB00001827*,
*COMPTUB00001828*,
*COMPTUB00001829*,
*COMPTUB00001830*,
*COMPTUB00001831*,
*COMPTUB00001832*,
*COMPTUB00001833*,
*COMPTUB00001834*,
*COMPTUB00001835*,
*COMPTUB00001836*,
*COMPTUB00001837*,
*COMPTUB00001838*,
*COMPTUB00001839*,
*COMPTUB00001840*,
*COMPTUB00001841*,
*COMPTUB00001842*,
*COMPTUB00001843*,
*COMPTUB00001844*,
*COMPTUB00001845*,
*COMPTUB00001846*,
*COMPTUB00001847*,
*COMPTUB00001848*,
*COMPTUB00001849*,
*COMPTUB00001850*,
*COMPTUB00001851*,
*COMPTUB00001852*,
*COMPTUB00001853*,
*COMPTUB00001854*,
*COMPTUB00001855*,
*COMPTUB00001856*,
*COMPTUB00001857*,
*COMPTUB00001858*,
*COMPTUB00001859*,
*COMPTUB00001860*,
*COMPTUB00001861*,
*COMPTUB00001862*,
*COMPTUB00001863*,
*COMPTUB00001864*,
*COMPTUB00001865*,
*COMPTUB00001866*,
*COMPTUB00001867*,
*COMPTUB00001868*,
*COMPTUB00001869*,
*COMPTUB00001870*,
*COMPTUB00001871*,
*COMPTUB00001872*,
*COMPTUB00001873*,
*COMPTUB00001874*,
*COMPTUB00001875*,
*COMPTUB00001876*,
*COMPTUB00001877*,
*COMPTUB00001878*,
*COMPTUB00001879*,
*COMPTUB00001880*,
*COMPTUB00001881*,
*COMPTUB00001882*,
*COMPTUB00001883*,
*COMPTUB00001884*,
*COMPTUB00001885*,
*COMPTUB00001886*,
*COMPTUB00001887*,
*COMPTUB00001888*,
*COMPTUB00001889*,
*COMPTUB00001890*,
*COMPTUB00001891*,
*COMPTUB00001892*,
*COMPTUB00001893*,
*COMPTUB00001894*,
*COMPTUB00001895*,
*COMPTUB00001896*,
*COMPTUB00001897*,
*COMPTUB00001898*,
*COMPTUB00001899*,
*COMPTUB00001900*,
*COMPTUB00001901*,
*COMPTUB00001902*,
*COMPTUB00001903*,
*COMPTUB00001904*,
*COMPTUB00001905*,
*COMPTUB00001906*,
*COMPTUB00001907*,
*COMPTUB00001908*,
*COMPTUB00001909*,
*COMPTUB00001910*,
*COMPTUB00001911*,
*COMPTUB00001912*,
*COMPTUB00001913*,
*COMPTUB00001914*,
*COMPTUB00001915*,
*COMPTUB00001916*,
*COMPTUB00001917*,
*COMPTUB00001918*,
*COMPTUB00001919*,
*COMPTUB00001920*,
*COMPTUB00001921*,
*COMPTUB00001922*,
*COMPTUB00001923*,
*COMPTUB00001924*,
*COMPTUB00001925*,
*COMPTUB00001926*,
*COMPTUB00001927*,
*COMPTUB00001928*,
*COMPTUB00001929*,
*COMPTUB00001930*,
*COMPTUB00001931*,
*COMPTUB00001932*,
*COMPTUB00001933*,
*COMPTUB00001934*,
*COMPTUB00001935*,
*COMPTUB00001936*,
*COMPTUB00001937*,
*COMPTUB00001938*,
*COMPTUB00001939*,
*COMPTUB00001940*,
*COMPTUB00001941*,
*COMPTUB00001942*,
*COMPTUB00001943*,
*COMPTUB00001944*,
*COMPTUB00001945*,
*COMPTUB00001946*,
*COMPTUB00001947*,
*COMPTUB00001948*,
*COMPTUB00001949*,
*COMPTUB00001950*,
*COMPTUB00001951*,
*COMPTUB00001952*,
*COMPTUB00001953*,
*COMPTUB00001954*,
*COMPTUB00001955*,
*COMPTUB00001956*,
*COMPTUB00001957*,
*COMPTUB00001958*,
*COMPTUB00001959*,
*COMPTUB00001960*,
*COMPTUB00001961*,
*COMPTUB00001962*,
*COMPTUB00001963*,
*COMPTUB00001964*,
*COMPTUB00001965*,
*COMPTUB00001966*,
*COMPTUB00001967*,
*COMPTUB00001968*,
*COMPTUB00001969*,
*COMPTUB00001970*,
*COMPTUB00001971*,
*COMPTUB00001972*,
*COMPTUB00001973*,
*COMPTUB00001974*,
*COMPTUB00001975*,
*COMPTUB00001976*,
*COMPTUB00001977*,
*COMPTUB00001978*,
*COMPTUB00001979*,
*COMPTUB00001980*,
*COMPTUB00001981*,
*COMPTUB00001982*,
*COMPTUB00001983*,
*COMPTUB00001984*,
*COMPTUB00001985*,
*COMPTUB00001986*,
*COMPTUB00001987*,
*COMPTUB00001988*,
*COMPTUB00001989*,
*COMPTUB00001990*,
*COMPTUB00001991*,
*COMPTUB00001992*,
*COMPTUB00001993*,
*COMPTUB00001994*,
*COMPTUB00001995*,
*COMPTUB00001996*,
*COMPTUB00001997*,
*COMPTUB00001998*,
*COMPTUB00001999*